{
  "id": "gen_12345",
  "name": "자동생성 시나리오 (15기)",
  "seed": 12345,
  "created_at": "2025-12-02T16:17:05.955Z",
  "drones": [
    {
      "id": "DRONE-A",
      "position": {
        "x": 414.8045029182134,
        "y": 206.02997157718974,
        "altitude": 64.94966371683404
      },
      "velocity": {
        "vx": -4.458359088284778,
        "vy": 8.976108724812415,
        "climbRate": -1.5955663975328207
      },
      "behavior": "RECON",
      "is_hostile": false,
      "drone_type": "UNKNOWN",
      "armed": false,
      "size_class": "LARGE",
      "recommended_method": null,
      "config": {
        "max_speed": 26.395952885504812,
        "cruise_speed": 20.04469940904528,
        "acceleration": 3.4580245425458997,
        "turn_rate": 92.18911484233104,
        "climb_rate": 7.636496433522552,
        "evasion_trigger_distance": 104.34416957898065,
        "evasion_maneuver_strength": 0.6059942570282146
      },
      "target_position": {
        "x": -199.29673010483384,
        "y": 72.48524138703942,
        "altitude": 164.73519124090672
      }
    },
    {
      "id": "DRONE-B",
      "position": {
        "x": -614.8655311318605,
        "y": -376.4431038830362,
        "altitude": 108.4494767547585
      },
      "velocity": {
        "vx": 3.632522028636105,
        "vy": -5.933200963031831,
        "climbRate": -0.9457517480477691
      },
      "behavior": "RECON",
      "is_hostile": true,
      "drone_type": "LOITER_MUNITION",
      "armed": true,
      "size_class": "SMALL",
      "recommended_method": "JAM",
      "config": {
        "max_speed": 27.58756540250033,
        "cruise_speed": 13.91374715254642,
        "acceleration": 8.031900755595416,
        "turn_rate": 67.90939925587736,
        "climb_rate": 3.473222256405279,
        "evasion_trigger_distance": 139.906498643104,
        "evasion_maneuver_strength": 0.7175266047706828
      },
      "target_position": {
        "x": 157.12621016427875,
        "y": -141.63461411371827,
        "altitude": 101.01619249209762
      }
    },
    {
      "id": "DRONE-C",
      "position": {
        "x": 779.2749363849355,
        "y": -111.79344499161655,
        "altitude": 160.51657516509295
      },
      "velocity": {
        "vx": -14.346305383515269,
        "vy": 2.058096349364318,
        "climbRate": -1.9967365926131606
      },
      "behavior": "ATTACK_RUN",
      "is_hostile": true,
      "drone_type": "LOITER_MUNITION",
      "armed": true,
      "size_class": "SMALL",
      "recommended_method": "GUN",
      "config": {
        "max_speed": 27.946181987645105,
        "cruise_speed": 14.49317904189229,
        "acceleration": 4.086456426884979,
        "turn_rate": 82.69889142131433,
        "climb_rate": 3.837711828062311,
        "evasion_trigger_distance": 137.9214529786259,
        "evasion_maneuver_strength": 0.9585379781201482
      }
    },
    {
      "id": "DRONE-D",
      "position": {
        "x": 523.7086624913552,
        "y": -568.2545809923342,
        "altitude": 122.23024605074897
      },
      "velocity": {
        "vx": 2.996245527694275,
        "vy": 2.761367510780598,
        "climbRate": 0.2946832701563835
      },
      "behavior": "RECON",
      "is_hostile": false,
      "drone_type": "RECON_UAV",
      "armed": false,
      "size_class": "MEDIUM",
      "recommended_method": null,
      "config": {
        "max_speed": 22.821881402283907,
        "cruise_speed": 8.14926690980792,
        "acceleration": 7.599069377174601,
        "turn_rate": 90.29474851442501,
        "climb_rate": 7.730983619811013,
        "evasion_trigger_distance": 136.8004359374754,
        "evasion_maneuver_strength": 0.9866227174643427
      },
      "target_position": {
        "x": 152.25651608780026,
        "y": -8.76738466322422,
        "altitude": 131.8992157652974
      }
    },
    {
      "id": "DRONE-E",
      "position": {
        "x": -267.33681026636486,
        "y": 351.1270443882767,
        "altitude": 99.2272455827333
      },
      "velocity": {
        "vx": -4.415782408403823,
        "vy": -3.3620343484212083,
        "climbRate": 1.252717605791986
      },
      "behavior": "RECON",
      "is_hostile": true,
      "drone_type": "RECON_UAV",
      "armed": false,
      "size_class": "SMALL",
      "recommended_method": "JAM",
      "config": {
        "max_speed": 21.340355773456395,
        "cruise_speed": 11.099983646534383,
        "acceleration": 9.776344753801823,
        "turn_rate": 106.23912779730745,
        "climb_rate": 5.922192420810461,
        "evasion_trigger_distance": 123.61071761697531,
        "evasion_maneuver_strength": 0.583940812619403
      },
      "target_position": {
        "x": -186.945044901222,
        "y": 195.8528857678175,
        "altitude": 101.75209214910865
      }
    },
    {
      "id": "DRONE-F",
      "position": {
        "x": 620.2172128783047,
        "y": 4.823961918876963,
        "altitude": 129.56365727819502
      },
      "velocity": {
        "vx": -0.02496341469706241,
        "vy": 3.2095484474599254,
        "climbRate": -0.7057528365403414
      },
      "behavior": "RECON",
      "is_hostile": false,
      "drone_type": "UNKNOWN",
      "armed": false,
      "size_class": "SMALL",
      "recommended_method": null,
      "config": {
        "max_speed": 27.99196811276488,
        "cruise_speed": 6.4192910538986325,
        "acceleration": 4.975409418810159,
        "turn_rate": 90.48529580351897,
        "climb_rate": 7.819895559921861,
        "evasion_trigger_distance": 137.76742489775643,
        "evasion_maneuver_strength": 0.9122383233625442
      },
      "target_position": {
        "x": 107.56654050201178,
        "y": -45.654785353690386,
        "altitude": 175.59185998514295
      }
    },
    {
      "id": "DRONE-G",
      "position": {
        "x": -649.2726967668694,
        "y": 284.53382997645707,
        "altitude": 74.34976021759212
      },
      "velocity": {
        "vx": 7.607608101606621,
        "vy": -3.333917906742494,
        "climbRate": -1.995384625159204
      },
      "behavior": "NORMAL",
      "is_hostile": false,
      "drone_type": "CIVILIAN",
      "armed": false,
      "size_class": "SMALL",
      "recommended_method": null,
      "config": {
        "max_speed": 12.431762270070612,
        "cruise_speed": 8.306064629927278,
        "acceleration": 3.938529766863212,
        "turn_rate": 84.26171747152694,
        "climb_rate": 6.399210009956732,
        "evasion_trigger_distance": 80.4277433664538,
        "evasion_maneuver_strength": 0.8079893314279616
      }
    },
    {
      "id": "DRONE-H",
      "position": {
        "x": -681.3854830304689,
        "y": -392.555092132176,
        "altitude": 61.20118706487119
      },
      "velocity": {
        "vx": 3.5007229033252303,
        "vy": -6.076450959996531,
        "climbRate": 0.6872606901451945
      },
      "behavior": "RECON",
      "is_hostile": false,
      "drone_type": "UNKNOWN",
      "armed": false,
      "size_class": "MEDIUM",
      "recommended_method": null,
      "config": {
        "max_speed": 26.860027448274195,
        "cruise_speed": 14.025450740009546,
        "acceleration": 3.8807133375667036,
        "turn_rate": 98.13339186832309,
        "climb_rate": 7.623989558313042,
        "evasion_trigger_distance": 132.85054391017184,
        "evasion_maneuver_strength": 0.9406041156034917
      },
      "target_position": {
        "x": 121.1197080090642,
        "y": 39.455502945929766,
        "altitude": 110.91243050992489
      }
    },
    {
      "id": "DRONE-I",
      "position": {
        "x": 737.4090341988539,
        "y": -281.5887061870472,
        "altitude": 191.1845556437038
      },
      "velocity": {
        "vx": 1.6280214878293633,
        "vy": 4.263373234144482,
        "climbRate": 1.1723109930753708
      },
      "behavior": "RECON",
      "is_hostile": false,
      "drone_type": "CARGO_UAV",
      "armed": false,