{
  "id": "gen_12352",
  "name": "자동생성 시나리오 (15기)",
  "seed": 12352,
  "created_at": "2025-12-02T16:17:52.813Z",
  "drones": [
    {
      "id": "DRONE-A",
      "position": {
        "x": 494.4373385493327,
        "y": 498.91902298738734,
        "altitude": 161.58469820627943
      },
      "velocity": {
        "vx": -10.699608446775558,
        "vy": -10.796591956981084,
        "climbRate": 1.829260696657002
      },
      "behavior": "NORMAL",
      "is_hostile": false,
      "drone_type": "RECON_UAV",
      "armed": false,
      "size_class": "SMALL",
      "recommended_method": null,
      "config": {
        "max_speed": 21.49934093374759,
        "cruise_speed": 15.20026377402246,
        "acceleration": 3.4740697680972517,
        "turn_rate": 77.30327158235013,
        "climb_rate": 4.341738052433357,
        "evasion_trigger_distance": 105.0258259032853,
        "evasion_maneuver_strength": 0.6678684904472902
      }
    },
    {
      "id": "DRONE-B",
      "position": {
        "x": 267.58691695949756,
        "y": 572.806673187594,
        "altitude": 107.30309631908312
      },
      "velocity": {
        "vx": -5.362535534890143,
        "vy": -11.479246349161441,
        "climbRate": -0.37021975312381983
      },
      "behavior": "NORMAL",
      "is_hostile": false,
      "drone_type": "CARGO_UAV",
      "armed": false,
      "size_class": "MEDIUM",
      "recommended_method": null,
      "config": {
        "max_speed": 17.627039880026132,
        "cruise_speed": 12.670038836076856,
        "acceleration": 3.4379199885297567,
        "turn_rate": 96.92501867422834,
        "climb_rate": 7.681617415044457,
        "evasion_trigger_distance": 137.16116917086765,
        "evasion_maneuver_strength": 0.5283892046427354
      }
    },
    {
      "id": "DRONE-C",
      "position": {
        "x": 90.50903635242568,
        "y": 451.70354504088243,
        "altitude": 187.07587957615033
      },
      "velocity": {
        "vx": -3.503066658888185,
        "vy": -17.4827585410692,
        "climbRate": -1.3435347322374582
      },
      "behavior": "NORMAL",
      "is_hostile": false,
      "drone_type": "RECON_UAV",
      "armed": false,
      "size_class": "SMALL",
      "recommended_method": null,
      "config": {
        "max_speed": 23.06761270388961,
        "cruise_speed": 17.83026422187686,
        "acceleration": 4.412683685543016,
        "turn_rate": 113.59531144145876,
        "climb_rate": 7.307354725897312,
        "evasion_trigger_distance": 115.16397183993831,
        "evasion_maneuver_strength": 0.5560296477051452
      }
    },
    {
      "id": "DRONE-D",
      "position": {
        "x": 656.798364826698,
        "y": -328.944968944733,
        "altitude": 160.26125411968678
      },
      "velocity": {
        "vx": 1.628161314001363,
        "vy": 3.250919727213861,
        "climbRate": 1.833495051600039
      },
      "behavior": "RECON",
      "is_hostile": false,
      "drone_type": "UNKNOWN",
      "armed": false,
      "size_class": "MEDIUM",
      "recommended_method": null,
      "config": {
        "max_speed": 26.401351845124736,
        "cruise_speed": 7.271695355884731,
        "acceleration": 4.331444944255054,
        "turn_rate": 68.79040815867484,
        "climb_rate": 5.108797496184707,
        "evasion_trigger_distance": 146.3312762696296,
        "evasion_maneuver_strength": 0.9872496242169291
      },
      "target_position": {
        "x": 101.4578128233552,
        "y": 160.8329102396965,
        "altitude": 111.09367780387402
      }
    },
    {
      "id": "DRONE-E",
      "position": {
        "x": 258.3186973776707,
        "y": 476.36862397612924,
        "altitude": 122.27042113663629
      },
      "velocity": {
        "vx": -7.616499278443588,
        "vy": 4.1301716216391835,
        "climbRate": -0.2679943200200796
      },
      "behavior": "RECON",
      "is_hostile": false,
      "drone_type": "RECON_UAV",
      "armed": false,
      "size_class": "MEDIUM",
      "recommended_method": null,
      "config": {
        "max_speed": 23.869048631750047,
        "cruise_speed": 17.32851740717888,
        "acceleration": 8.862403054721653,
        "turn_rate": 119.04658942250535,
        "climb_rate": 6.512772271642461,
        "evasion_trigger_distance": 112.08631166722625,
        "evasion_maneuver_strength": 0.7610379671677947
      },
      "target_position": {
        "x": 37.81116185709834,
        "y": 178.1634334474802,
        "altitude": 172.52561036497355
      }
    },
    {
      "id": "DRONE-F",
      "position": {
        "x": 291.89415573938084,
        "y": 551.1651188626353,
        "altitude": 133.0162374349311
      },
      "velocity": {
        "vx": -4.236700595133891,
        "vy": 2.2437344110038815,
        "climbRate": -0.7813276778906584
      },
      "behavior": "RECON",
      "is_hostile": false,
      "drone_type": "CIVILIAN",
      "armed": false,
      "size_class": "SMALL",
      "recommended_method": null,
      "config": {
        "max_speed": 12.29278700966388,
        "cruise_speed": 9.588321237824857,
        "acceleration": 5.4996152392122895,
        "turn_rate": 98.64488865598105,
        "climb_rate": 6.941887904657051,
        "evasion_trigger_distance": 146.93429676583037,
        "evasion_maneuver_strength": 0.7709802211029455
      },
      "target_position": {
        "x": -102.15762807056308,
        "y": -189.91956124082208,
        "altitude": 119.98154003173113
      }
    },
    {
      "id": "DRONE-G",
      "position": {
        "x": -372.8245451687718,
        "y": 166.33840604032275,
        "altitude": 97.4650848354213
      },
      "velocity": {
        "vx": -11.926512038311227,
        "vy": 6.369817701728688,
        "climbRate": 0.5454112524166703
      },
      "behavior": "EVADE",
      "is_hostile": true,
      "drone_type": "UNKNOWN",
      "armed": false,
      "size_class": "SMALL",
      "recommended_method": "GUN",
      "config": {
        "max_speed": 27.44743979885243,
        "cruise_speed": 13.520956584252417,
        "acceleration": 5.548142151208594,
        "turn_rate": 66.56429048627615,
        "climb_rate": 6.660962088033557,
        "evasion_trigger_distance": 95.94082219293341,
        "evasion_maneuver_strength": 0.9007735381601378
      }
    },
    {
      "id": "DRONE-H",
      "position": {
        "x": -121.33301103302003,
        "y": -433.19592423943897,
        "altitude": 115.89764388278127
      },
      "velocity": {
        "vx": 4.504602522430632,
        "vy": -1.2616854337053944,
        "climbRate": -0.8425932107493281
      },
      "behavior": "RECON",
      "is_hostile": false,
      "drone_type": "CARGO_UAV",
      "armed": false,
      "size_class": "LARGE",
      "recommended_method": null,
      "config": {
        "max_speed": 15.26382559351623,
        "cruise_speed": 9.355916634667665,
        "acceleration": 5.068576177582145,
        "turn_rate": 111.41932689235546,
        "climb_rate": 4.924686805577949,
        "evasion_trigger_distance": 110.71351216174662,
        "evasion_maneuver_strength": 0.8109106458723545
      },
      "target_position": {
        "x": 175.76021775603294,
        "y": -94.4284194149077,
        "altitude": 117.33535969629884
      }
    },
    {
      "id": "DRONE-I",
      "position": {
        "x": -7.108883657087661,
        "y": -476.24978990341464,
        "altitude": 106.5844717156142
      },
      "velocity": {
        "vx": 0.07788055320075114,
        "vy": 5.217499524336647,
        "climbRate": -1.0361622059717774
      },
      "behavior": "NORMAL",
      "is_hostile": false,
      "drone_type": "CARGO_UAV",
      "armed": false,
      "size_class": "LARGE",
      "recommended_method": null,
      "config": {
        "max_speed": 15.142482431838289,
        "cruise_speed": 5.218080745544285,
        "acceleration": 3.68773249280639,
        "turn_rate": 81.0461620206479,
        "climb_rate": 5.736503724008799,