{
  "id": "gen_12354",
  "name": "자동생성 시나리오 (5기)",
  "seed": 12354,
  "created_at": "2025-12-02T16:18:06.208Z",
  "drones": [
    {
      "id": "DRONE-A",
      "position": {
        "x": 283.0002781195343,
        "y": 463.5864621994974,
        "altitude": 165.60156470863149
      },
      "velocity": {
        "vx": -6.427149715808548,
        "vy": -10.52839812941698,
        "climbRate": -1.9687973223626614
      },
      "behavior": "NORMAL",
      "is_hostile": true,
      "drone_type": "RECON_UAV",
      "armed": false,
      "size_class": "SMALL",
      "recommended_method": "JAM",
      "config": {
        "max_speed": 22.93300663214177,
        "cruise_speed": 12.335129534825683,
        "acceleration": 9.445996316848323,
        "turn_rate": 49.39897130127065,
        "climb_rate": 4.971224382286891,
        "evasion_trigger_distance": 86.58136932412162,
        "evasion_maneuver_strength": 0.5203865823568776
      }
    },
    {
      "id": "DRONE-B",
      "position": {
        "x": 331.04769398807167,
        "y": 147.78526540827175,
        "altitude": 180.81716527463868
      },
      "velocity": {
        "vx": -17.549551601655956,
        "vy": -7.834415367775792,
        "climbRate": -0.9977857051417232
      },
      "behavior": "ATTACK_RUN",
      "is_hostile": true,
      "drone_type": "ATTACK_UAV",
      "armed": true,
      "size_class": "MEDIUM",
      "recommended_method": "RAM",
      "config": {
        "max_speed": 35.96287453430705,
        "cruise_speed": 19.218866396695375,
        "acceleration": 8.762468789471313,
        "turn_rate": 79.69962825765833,
        "climb_rate": 6.031995081109926,
        "evasion_trigger_distance": 92.68523297039792,
        "evasion_maneuver_strength": 0.8363588723586872
      }
    },
    {
      "id": "DRONE-C",
      "position": {
        "x": -694.2134291779674,
        "y": -58.285714332398186,
        "altitude": 78.69343400234357
      },
      "velocity": {
        "vx": 9.109389769469942,
        "vy": 0.7648185234251393,
        "climbRate": 0.31774083245545626
      },
      "behavior": "NORMAL",
      "is_hostile": false,
      "drone_type": "CIVILIAN",
      "armed": false,
      "size_class": "SMALL",
      "recommended_method": null,
      "config": {
        "max_speed": 13.433643679507076,
        "cruise_speed": 9.14144022273831,
        "acceleration": 9.00081092491746,
        "turn_rate": 109.52794462675229,
        "climb_rate": 3.826291269622743,
        "evasion_trigger_distance": 128.61532835755497,
        "evasion_maneuver_strength": 0.8494538095546886
      }
    },
    {
      "id": "DRONE-D",
      "position": {
        "x": -502.6459316061272,
        "y": 462.9966882353531,
        "altitude": 51.212296285666525
      },
      "velocity": {
        "vx": 9.407450923002674,
        "vy": -8.665381232011864,
        "climbRate": 1.9845871478319168
      },
      "behavior": "NORMAL",
      "is_hostile": false,
      "drone_type": "RECON_UAV",
      "armed": false,
      "size_class": "MEDIUM",
      "recommended_method": null,
      "config": {
        "max_speed": 22.48166031576693,
        "cruise_speed": 12.790190177038312,
        "acceleration": 9.038762982701883,
        "turn_rate": 75.31245301826857,
        "climb_rate": 6.315658995416015,
        "evasion_trigger_distance": 112.91555258445442,
        "evasion_maneuver_strength": 0.7838380332104862
      }
    },
    {
      "id": "DRONE-E",
      "position": {
        "x": 69.39817153665979,
        "y": 432.3635372479228,
        "altitude": 38.82741921581328
      },
      "velocity": {
        "vx": -2.3358440283166955,
        "vy": -14.552743453895513,
        "climbRate": -0.9084972627460957
      },
      "behavior": "NORMAL",
      "is_hostile": false,
      "drone_type": "UNKNOWN",
      "armed": true,
      "size_class": "MEDIUM",
      "recommended_method": null,
      "config": {
        "max_speed": 28.17195425508544,
        "cruise_speed": 14.739013174548745,
        "acceleration": 5.310889431042597,
        "turn_rate": 55.44957734411582,
        "climb_rate": 5.322498458670452,
        "evasion_trigger_distance": 90.16621439019218,
        "evasion_maneuver_strength": 0.9537225771928206
      }
    }
  ],
  "interceptor_count": 2,
  "radar_config": {
    "scan_rate": 1.747448105015792,
    "max_range": 1019,
    "radial_noise_sigma": 15.96505417721346,
    "azimuth_noise_sigma": 3.3723083594813943,
    "false_alarm_rate": 0.027487519471906124,
    "miss_probability": 0.05964568139053881
  },
  "acoustic_config": {
    "enabled": false,
    "detection_range": 737,
    "takeoff_boost": 0.38806681451387703,
    "approach_boost": 0.12164951683953405,
    "false_alarm_rate": 0.00889090663404204,
    "miss_probability": 0.23613318442367018
  },
  "behavior_distribution": {
    "direct_attack": 0.47996084034763054,
    "recon_loiter": 0.25130209996141184,
    "evasive": 0.1353305282447573,
    "random_walk": 0.13340653144620024
  },
  "metadata": {
    "hostile_ratio": 0.4,
    "armed_ratio": 0.4,
    "avg_initial_distance": 545,
    "difficulty_estimate": 5,
    "drone_type_distribution": {
      "RECON_UAV": 2,
      "ATTACK_UAV": 1,
      "LOITER_MUNITION": 0,
      "CARGO_UAV": 0,
      "CIVILIAN": 1,
      "UNKNOWN": 1
    },
    "size_distribution": {
      "SMALL": 2,
      "MEDIUM": 3,
      "LARGE": 0
    }
  }
}