{
  "id": "gen_12367",
  "name": "자동생성 시나리오 (3기)",
  "seed": 12367,
  "created_at": "2025-12-02T16:19:33.174Z",
  "drones": [
    {
      "id": "DRONE-A",
      "position": {
        "x": -323.67824492307176,
        "y": -152.9640089706965,
        "altitude": 108.79510201280937
      },
      "velocity": {
        "vx": 3.3373824164299783,
        "vy": -7.062040871288344,
        "climbRate": 0.4381258860230446
      },
      "behavior": "RECON",
      "is_hostile": true,
      "drone_type": "RECON_UAV",
      "armed": false,
      "size_class": "MEDIUM",
      "recommended_method": "JAM",
      "config": {
        "max_speed": 22.508401927538216,
        "cruise_speed": 15.621849142946303,
        "acceleration": 5.737420611549169,
        "turn_rate": 80.16123901354149,
        "climb_rate": 5.7043781348038465,
        "evasion_trigger_distance": 91.06145291822031,
        "evasion_maneuver_strength": 0.9591300244210288
      },
      "target_position": {
        "x": -162.70589530467987,
        "y": -197.0828047953546,
        "altitude": 175.39587188512087
      }
    },
    {
      "id": "DRONE-B",
      "position": {
        "x": -442.4958250169737,
        "y": -5.761597333227693,
        "altitude": 80.81599310040474
      },
      "velocity": {
        "vx": 12.325379510620321,
        "vy": 0.16048484461222942,
        "climbRate": 1.101424136199057
      },
      "behavior": "NORMAL",
      "is_hostile": true,
      "drone_type": "RECON_UAV",
      "armed": false,
      "size_class": "SMALL",
      "recommended_method": "JAM",
      "config": {
        "max_speed": 21.018470630981028,
        "cruise_speed": 12.32642427738756,
        "acceleration": 7.134552973788232,
        "turn_rate": 81.55591324204579,
        "climb_rate": 7.632599147735164,
        "evasion_trigger_distance": 90.07525889202952,
        "evasion_maneuver_strength": 0.6245546882273629
      }
    },
    {
      "id": "DRONE-C",
      "position": {
        "x": 282.01514915422314,
        "y": 545.7284279012205,
        "altitude": 61.131560392677784
      },
      "velocity": {
        "vx": -8.229675019047944,
        "vy": 4.252835127012447,
        "climbRate": 1.6257978240028024
      },
      "behavior": "RECON",
      "is_hostile": true,
      "drone_type": "RECON_UAV",
      "armed": false,
      "size_class": "MEDIUM",
      "recommended_method": "NET",
      "config": {
        "max_speed": 22.808703552000225,
        "cruise_speed": 18.52718624472618,
        "acceleration": 4.0353866359218955,
        "turn_rate": 116.5958388231229,
        "climb_rate": 7.837215837324038,
        "evasion_trigger_distance": 80.9507268993184,
        "evasion_maneuver_strength": 0.803607453010045
      },
      "target_position": {
        "x": -151.50944394990802,
        "y": -180.62660126015544,
        "altitude": 169.37408292666078
      }
    }
  ],
  "interceptor_count": 3,
  "radar_config": {
    "scan_rate": 1.787670430727303,
    "max_range": 1192,
    "radial_noise_sigma": 13.822660066653043,
    "azimuth_noise_sigma": 2.3322014305740595,
    "false_alarm_rate": 0.009711748781846836,
    "miss_probability": 0.13267428768798709
  },
  "acoustic_config": {
    "enabled": true,
    "detection_range": 965,
    "takeoff_boost": 0.22695608083158733,
    "approach_boost": 0.1273209831677377,
    "false_alarm_rate": 0.014930847106734292,
    "miss_probability": 0.23548294166103004
  },
  "behavior_distribution": {
    "direct_attack": 0.1605266692689822,
    "recon_loiter": 0.3349073992242421,
    "evasive": 0.3980681779832588,
    "random_walk": 0.10649775352351694
  },
  "metadata": {
    "hostile_ratio": 1,
    "armed_ratio": 0,
    "avg_initial_distance": 472,
    "difficulty_estimate": 5,
    "drone_type_distribution": {
      "RECON_UAV": 3,
      "ATTACK_UAV": 0,
      "LOITER_MUNITION": 0,
      "CARGO_UAV": 0,
      "CIVILIAN": 0,
      "UNKNOWN": 0
    },
    "size_distribution": {
      "SMALL": 1,
      "MEDIUM": 2,
      "LARGE": 0
    }
  }
}