{
  "id": "gen_12364",
  "name": "자동생성 시나리오 (6기)",
  "seed": 12364,
  "created_at": "2025-12-02T16:19:13.122Z",
  "drones": [
    {
      "id": "DRONE-A",
      "position": {
        "x": 96.09874869024198,
        "y": 740.6517043622961,
        "altitude": 129.143440478947
      },
      "velocity": {
        "vx": 4.693352442428526,
        "vy": -13.664322164861183,
        "climbRate": -1.9790462581440806
      },
      "behavior": "EVADE",
      "is_hostile": true,
      "drone_type": "UNKNOWN",
      "armed": true,
      "size_class": "LARGE",
      "recommended_method": "JAM",
      "config": {
        "max_speed": 27.12399397743866,
        "cruise_speed": 14.44788072258234,
        "acceleration": 5.36086857621558,
        "turn_rate": 95.98647572449408,
        "climb_rate": 5.607964823255315,
        "evasion_trigger_distance": 115.74440846918151,
        "evasion_maneuver_strength": 0.7223042699042708
      }
    },
    {
      "id": "DRONE-B",
      "position": {
        "x": 460.70648237093843,
        "y": 376.6496174052655,
        "altitude": 156.48276509484276
      },
      "velocity": {
        "vx": -4.334387212798289,
        "vy": 5.301692060112417,
        "climbRate": -0.06135379895567894
      },
      "behavior": "RECON",
      "is_hostile": true,
      "drone_type": "UNKNOWN",
      "armed": false,
      "size_class": "MEDIUM",
      "recommended_method": "NET",
      "config": {
        "max_speed": 26.391870400402695,
        "cruise_speed": 13.695963085629046,
        "acceleration": 6.231878945138305,
        "turn_rate": 60.23271412588656,
        "climb_rate": 7.828650308772922,
        "evasion_trigger_distance": 83.59095307299867,
        "evasion_maneuver_strength": 0.5608135587535799
      },
      "target_position": {
        "x": -150.16157366335392,
        "y": -81.79790880531073,
        "altitude": 131.21099526062608
      }
    },
    {
      "id": "DRONE-C",
      "position": {
        "x": 149.07715618068156,
        "y": -737.5304157568933,
        "altitude": 169.25596893765032
      },
      "velocity": {
        "vx": 5.734205302282215,
        "vy": 1.1590559537034637,
        "climbRate": 0.21799279656261206
      },
      "behavior": "RECON",
      "is_hostile": true,
      "drone_type": "RECON_UAV",
      "armed": false,
      "size_class": "SMALL",
      "recommended_method": "NET",
      "config": {
        "max_speed": 22.408566602505744,
        "cruise_speed": 11.700345491059124,
        "acceleration": 7.810506925918162,
        "turn_rate": 92.01965458807535,
        "climb_rate": 6.0721887410618365,
        "evasion_trigger_distance": 80.28309392277151,
        "evasion_maneuver_strength": 0.7525494768051431
      },
      "target_position": {
        "x": 37.217457219958305,
        "y": -102.22191326320171,
        "altitude": 115.17043143510818
      }
    },
    {
      "id": "DRONE-D",
      "position": {
        "x": -439.1063941249273,
        "y": 137.91822646159162,
        "altitude": 186.1617335351184
      },
      "velocity": {
        "vx": 22.302625557063003,
        "vy": -7.004996063418702,
        "climbRate": 0.440166306681931
      },
      "behavior": "ATTACK_RUN",
      "is_hostile": true,
      "drone_type": "ATTACK_UAV",
      "armed": true,
      "size_class": "MEDIUM",
      "recommended_method": "RAM",
      "config": {
        "max_speed": 35.64701499999501,
        "cruise_speed": 23.376849158667028,
        "acceleration": 9.354182348120958,
        "turn_rate": 77.1320959541481,
        "climb_rate": 4.356426066486165,
        "evasion_trigger_distance": 83.84574265917763,
        "evasion_maneuver_strength": 0.5367413820931688
      }
    },
    {
      "id": "DRONE-E",
      "position": {
        "x": 260.78050924022705,
        "y": 433.8359764842799,
        "altitude": 114.65412850724533
      },
      "velocity": {
        "vx": -4.449956486074916,
        "vy": 2.6748863198013666,
        "climbRate": 0.9269148698076606
      },
      "behavior": "RECON",
      "is_hostile": false,
      "drone_type": "CIVILIAN",
      "armed": false,
      "size_class": "SMALL",
      "recommended_method": null,
      "config": {
        "max_speed": 13.660707157664,
        "cruise_speed": 10.384051146218553,
        "acceleration": 5.199420601828024,
        "turn_rate": 61.602287418209016,
        "climb_rate": 6.990465784445405,
        "evasion_trigger_distance": 81.9565814267844,
        "evasion_maneuver_strength": 0.5156138702295721
      },
      "target_position": {
        "x": -102.80607407912612,
        "y": 55.06241684779525,
        "altitude": 107.38562988117337
      }
    },
    {
      "id": "DRONE-F",
      "position": {
        "x": -263.1531723151811,
        "y": -244.30533659083642,
        "altitude": 123.00242276396602
      },
      "velocity": {
        "vx": -5.039965660746543,
        "vy": 10.060631925245938,
        "climbRate": -0.7876162603497505
      },
      "behavior": "EVADE",
      "is_hostile": true,
      "drone_type": "UNKNOWN",
      "armed": false,
      "size_class": "SMALL",
      "recommended_method": "GUN",
      "config": {
        "max_speed": 29.558578905416653,
        "cruise_speed": 11.252447227016091,
        "acceleration": 6.392589580034837,
        "turn_rate": 58.43062189989723,
        "climb_rate": 5.506264871917665,
        "evasion_trigger_distance": 123.24784624623135,
        "evasion_maneuver_strength": 0.5058642628137022
      }
    }
  ],
  "interceptor_count": 4,
  "radar_config": {
    "scan_rate": 0.9809429090237245,
    "max_range": 958,
    "radial_noise_sigma": 12.152730686357245,
    "azimuth_noise_sigma": 4.98913393355906,
    "false_alarm_rate": 0.012690989866387097,
    "miss_probability": 0.10209379183128475
  },
  "acoustic_config": {
    "enabled": true,
    "detection_range": 856,
    "takeoff_boost": 0.2712441028095782,
    "approach_boost": 0.12995849838480353,
    "false_alarm_rate": 0.01896383702987805,
    "miss_probability": 0.1915499495808035
  },
  "behavior_distribution": {
    "direct_attack": 0.3097427938397779,
    "recon_loiter": 0.21561420673305026,
    "evasive": 0.29059969248090417,
    "random_walk": 0.1840433069462677
  },
  "metadata": {
    "hostile_ratio": 0.8333333333333334,
    "armed_ratio": 0.3333333333333333,
    "avg_initial_distance": 570,
    "difficulty_estimate": 6,
    "drone_type_distribution": {
      "RECON_UAV": 1,
      "ATTACK_UAV": 1,
      "LOITER_MUNITION": 0,
      "CARGO_UAV": 0,
      "CIVILIAN": 1,
      "UNKNOWN": 3
    },
    "size_distribution": {
      "SMALL": 3,
      "MEDIUM": 2,
      "LARGE": 1
    }
  }
}