{
  "id": "gen_12374",
  "name": "자동생성 시나리오 (6기)",
  "seed": 12374,
  "created_at": "2025-12-02T16:20:19.991Z",
  "drones": [
    {
      "id": "DRONE-A",
      "position": {
        "x": -531.5998621691701,
        "y": -226.15787426126727,
        "altitude": 178.09396235272288
      },
      "velocity": {
        "vx": 3.099427235767809,
        "vy": -7.28541996036847,
        "climbRate": -0.8588977213948965
      },
      "behavior": "RECON",
      "is_hostile": true,
      "drone_type": "RECON_UAV",
      "armed": false,
      "size_class": "MEDIUM",
      "recommended_method": "NET",
      "config": {
        "max_speed": 20.81970703508705,
        "cruise_speed": 15.834619438275695,
        "acceleration": 3.80234129820019,
        "turn_rate": 73.0542062362656,
        "climb_rate": 4.575159266358241,
        "evasion_trigger_distance": 141.6850898694247,
        "evasion_maneuver_strength": 0.9691000598249957
      },
      "target_position": {
        "x": -198.61921817064285,
        "y": 198.47565852105618,
        "altitude": 159.34202063828707
      }
    },
    {
      "id": "DRONE-B",
      "position": {
        "x": -80.42904707117877,
        "y": -379.93421585604756,
        "altitude": 194.0031288168393
      },
      "velocity": {
        "vx": 4.336348651711264,
        "vy": 20.484231563856596,
        "climbRate": -1.0757694402709603
      },
      "behavior": "ATTACK_RUN",
      "is_hostile": true,
      "drone_type": "LOITER_MUNITION",
      "armed": true,
      "size_class": "SMALL",
      "recommended_method": "GUN",
      "config": {
        "max_speed": 26.956964884884655,
        "cruise_speed": 20.93818670255132,
        "acceleration": 7.131332341348752,
        "turn_rate": 109.54994057421573,
        "climb_rate": 4.136944632744417,
        "evasion_trigger_distance": 135.9550116956234,
        "evasion_maneuver_strength": 0.5124042793177068
      }
    },
    {
      "id": "DRONE-C",
      "position": {
        "x": 511.3116949661954,
        "y": -305.47308336794856,
        "altitude": 179.5915296021849
      },
      "velocity": {
        "vx": -10.10210331330341,
        "vy": 6.0353022979855435,
        "climbRate": 1.8367745177820325
      },
      "behavior": "NORMAL",
      "is_hostile": true,
      "drone_type": "RECON_UAV",
      "armed": false,
      "size_class": "MEDIUM",
      "recommended_method": "NET",
      "config": {
        "max_speed": 20.839845510199666,
        "cruise_speed": 11.767640595324337,
        "acceleration": 5.422050981549546,
        "turn_rate": 59.54420022200793,
        "climb_rate": 5.496629918459803,
        "evasion_trigger_distance": 146.63803333882242,
        "evasion_maneuver_strength": 0.9272950137965381
      }
    },
    {
      "id": "DRONE-D",
      "position": {
        "x": -1.9230747914694613,
        "y": 326.307632947701,
        "altitude": 65.12842559954152
      },
      "velocity": {
        "vx": -8.957908960327785,
        "vy": -0.052792908183811285,
        "climbRate": -1.0458260718733072
      },
      "behavior": "RECON",
      "is_hostile": true,
      "drone_type": "RECON_UAV",
      "armed": false,
      "size_class": "MEDIUM",
      "recommended_method": "JAM",
      "config": {
        "max_speed": 22.625414092093706,
        "cruise_speed": 17.91612904984504,
        "acceleration": 6.420671383384615,
        "turn_rate": 83.89321514870971,
        "climb_rate": 4.696027907310054,
        "evasion_trigger_distance": 148.1166357244365,
        "evasion_maneuver_strength": 0.8586133865173906
      },
      "target_position": {
        "x": -103.23882419615984,
        "y": 172.89259117096663,
        "altitude": 109.09815227612853
      }
    },
    {
      "id": "DRONE-E",
      "position": {
        "x": -565.8602260889439,
        "y": 413.200092820622,
        "altitude": 65.70804147049785
      },
      "velocity": {
        "vx": 10.644323494424958,
        "vy": -7.77265348071626,
        "climbRate": 0.21593386400491
      },
      "behavior": "NORMAL",
      "is_hostile": false,
      "drone_type": "CARGO_UAV",
      "armed": false,
      "size_class": "MEDIUM",
      "recommended_method": null,
      "config": {
        "max_speed": 17.26100989803672,
        "cruise_speed": 13.180127646774054,
        "acceleration": 4.640202451031655,
        "turn_rate": 99.38729323795997,
        "climb_rate": 3.1860461256001145,
        "evasion_trigger_distance": 143.11743412632495,
        "evasion_maneuver_strength": 0.8543585864827037
      }
    },
    {
      "id": "DRONE-F",
      "position": {
        "x": -699.6833977396151,
        "y": 332.4318325792575,
        "altitude": 148.6229951865971
      },
      "velocity": {
        "vx": 9.231578803504174,
        "vy": -4.3860847194073225,
        "climbRate": -0.6416772026568651
      },
      "behavior": "NORMAL",
      "is_hostile": true,
      "drone_type": "RECON_UAV",
      "armed": false,
      "size_class": "SMALL",
      "recommended_method": "JAM",
      "config": {
        "max_speed": 21.303582306951284,
        "cruise_speed": 10.220557047985494,
        "acceleration": 7.571192967938259,
        "turn_rate": 101.17495720507577,
        "climb_rate": 6.51834510685876,
        "evasion_trigger_distance": 122.89665992837399,
        "evasion_maneuver_strength": 0.5981836306164041
      }
    }
  ],
  "interceptor_count": 2,
  "radar_config": {
    "scan_rate": 1.1899878084659576,
    "max_range": 1052,
    "radial_noise_sigma": 17.44636022602208,
    "azimuth_noise_sigma": 2.7553735952824354,
    "false_alarm_rate": 0.027385382122592998,
    "miss_probability": 0.049794432912021874
  },
  "acoustic_config": {
    "enabled": false,
    "detection_range": 615,
    "takeoff_boost": 0.3322421759366989,
    "approach_boost": 0.29232952343299984,
    "false_alarm_rate": 0.008084215812850744,
    "miss_probability": 0.29061467158608134
  },
  "behavior_distribution": {
    "direct_attack": 0.15670602222658644,
    "recon_loiter": 0.23673043982308087,
    "evasive": 0.4210684278190974,
    "random_walk": 0.18549511013123524
  },
  "metadata": {
    "hostile_ratio": 0.8333333333333334,
    "armed_ratio": 0.16666666666666666,
    "avg_initial_distance": 561,
    "difficulty_estimate": 6,
    "drone_type_distribution": {
      "RECON_UAV": 4,
      "ATTACK_UAV": 0,
      "LOITER_MUNITION": 1,
      "CARGO_UAV": 1,
      "CIVILIAN": 0,
      "UNKNOWN": 0
    },
    "size_distribution": {
      "SMALL": 2,
      "MEDIUM": 4,
      "LARGE": 0
    }
  }
}