{
  "id": "gen_12351",
  "name": "자동생성 시나리오 (8기)",
  "seed": 12351,
  "created_at": "2025-12-02T16:17:46.126Z",
  "drones": [
    {
      "id": "DRONE-A",
      "position": {
        "x": -421.17327580725316,
        "y": 412.43638169825005,
        "altitude": 102.96785048209131
      },
      "velocity": {
        "vx": 14.803971886477889,
        "vy": -14.496875633713723,
        "climbRate": 0.2613811166957021
      },
      "behavior": "NORMAL",
      "is_hostile": false,
      "drone_type": "UNKNOWN",
      "armed": false,
      "size_class": "LARGE",
      "recommended_method": null,
      "config": {
        "max_speed": 27.22241036244668,
        "cruise_speed": 20.719965896569192,
        "acceleration": 8.623473286395893,
        "turn_rate": 92.86231321049854,
        "climb_rate": 6.8500047056004405,
        "evasion_trigger_distance": 95.19782057963312,
        "evasion_maneuver_strength": 0.6932601786684245
      }
    },
    {
      "id": "DRONE-B",
      "position": {
        "x": 105.60349348329994,
        "y": -301.782793092833,
        "altitude": 78.29439691035077
      },
      "velocity": {
        "vx": 6.845300926597097,
        "vy": 7.49418616932621,
        "climbRate": -0.41246804408729076
      },
      "behavior": "EVADE",
      "is_hostile": true,
      "drone_type": "LOITER_MUNITION",
      "armed": true,
      "size_class": "SMALL",
      "recommended_method": "JAM",
      "config": {
        "max_speed": 28.928610342554748,
        "cruise_speed": 10.149924685247242,
        "acceleration": 8.930172712309286,
        "turn_rate": 53.139912073966116,
        "climb_rate": 5.322208504192531,
        "evasion_trigger_distance": 147.64133324613795,
        "evasion_maneuver_strength": 0.6296874895924702
      }
    },
    {
      "id": "DRONE-C",
      "position": {
        "x": -358.43919678606846,
        "y": 484.89174906960295,
        "altitude": 56.74779242603108
      },
      "velocity": {
        "vx": 5.3181431570899065,
        "vy": -7.194312899833205,
        "climbRate": -1.5366827072575688
      },
      "behavior": "NORMAL",
      "is_hostile": false,
      "drone_type": "RECON_UAV",
      "armed": false,
      "size_class": "SMALL",
      "recommended_method": null,
      "config": {
        "max_speed": 21.39685665629804,
        "cruise_speed": 8.946551555767655,
        "acceleration": 4.808135757222772,
        "turn_rate": 62.49099006992765,
        "climb_rate": 6.178881058702245,
        "evasion_trigger_distance": 112.81845635268837,
        "evasion_maneuver_strength": 0.6335888630710542
      }
    },
    {
      "id": "DRONE-D",
      "position": {
        "x": 166.1197883879587,
        "y": -359.7671445463522,
        "altitude": 106.323617415037
      },
      "velocity": {
        "vx": -7.447130630039073,
        "vy": 16.12831889465036,
        "climbRate": 1.4869391275569797
      },
      "behavior": "NORMAL",
      "is_hostile": false,
      "drone_type": "RECON_UAV",
      "armed": false,
      "size_class": "SMALL",
      "recommended_method": null,
      "config": {
        "max_speed": 23.97772178053856,
        "cruise_speed": 17.764639737084508,
        "acceleration": 6.013567446731031,
        "turn_rate": 114.92597579956055,
        "climb_rate": 5.694628718309104,
        "evasion_trigger_distance": 135.6863051559776,
        "evasion_maneuver_strength": 0.9724130199756473
      }
    },
    {
      "id": "DRONE-E",
      "position": {
        "x": -124.96496734574608,
        "y": 292.21733934815444,
        "altitude": 64.82035760534927
      },
      "velocity": {
        "vx": -3.7634786418296744,
        "vy": -1.6094287444809299,
        "climbRate": -1.6341997692361474
      },
      "behavior": "RECON",
      "is_hostile": false,
      "drone_type": "RECON_UAV",
      "armed": false,
      "size_class": "MEDIUM",
      "recommended_method": null,
      "config": {
        "max_speed": 21.660014892928302,
        "cruise_speed": 8.186337977647781,
        "acceleration": 3.349974410608411,
        "turn_rate": 104.44395846454427,
        "climb_rate": 7.082495062611997,
        "evasion_trigger_distance": 97.3768714745529,
        "evasion_maneuver_strength": 0.7912710120435804
      },
      "target_position": {
        "x": -163.87904100120068,
        "y": -84.26125021651387,
        "altitude": 156.08208131045103
      }
    },
    {
      "id": "DRONE-F",
      "position": {
        "x": 355.3441309240699,
        "y": -340.3607878038775,
        "altitude": 113.47458958625793
      },
      "velocity": {
        "vx": 6.4103323096477824,
        "vy": 6.692527591688477,
        "climbRate": -1.1669308142736554
      },
      "behavior": "RECON",
      "is_hostile": true,
      "drone_type": "RECON_UAV",
      "armed": false,
      "size_class": "MEDIUM",
      "recommended_method": "JAM",
      "config": {
        "max_speed": 22.187039595097303,
        "cruise_speed": 18.534539205022156,
        "acceleration": 8.146606150316074,
        "turn_rate": 56.79144605412148,
        "climb_rate": 4.9384596846066415,
        "evasion_trigger_distance": 95.43424776289612,
        "evasion_maneuver_strength": 0.7314207921735942
      },
      "target_position": {
        "x": 103.7856001406908,
        "y": -17.664161697030067,
        "altitude": 100.68707494065166
      }
    },
    {
      "id": "DRONE-G",
      "position": {
        "x": -307.67290710922435,
        "y": 424.5400049445173,
        "altitude": 157.21580707468092
      },
      "velocity": {
        "vx": 5.515310997186996,
        "vy": -7.61025785473237,
        "climbRate": -0.5085630873218179
      },
      "behavior": "NORMAL",
      "is_hostile": true,
      "drone_type": "RECON_UAV",
      "armed": false,
      "size_class": "MEDIUM",
      "recommended_method": "JAM",
      "config": {
        "max_speed": 22.496578219346702,
        "cruise_speed": 9.398653095588088,
        "acceleration": 7.160634927917272,
        "turn_rate": 67.01969496672973,
        "climb_rate": 5.113548056222498,
        "evasion_trigger_distance": 103.66887169890106,
        "evasion_maneuver_strength": 0.944474064046517
      }
    },
    {
      "id": "DRONE-H",
      "position": {
        "x": -40.64983798553343,
        "y": -408.51454485155676,
        "altitude": 57.57621752098203
      },
      "velocity": {
        "vx": 1.4364647564277373,
        "vy": 14.435893849717614,
        "climbRate": -1.9367989851161838
      },
      "behavior": "NORMAL",
      "is_hostile": true,
      "drone_type": "RECON_UAV",
      "armed": false,
      "size_class": "SMALL",
      "recommended_method": "JAM",
      "config": {
        "max_speed": 22.992060565389693,
        "cruise_speed": 14.50718657206744,
        "acceleration": 5.692099365405738,
        "turn_rate": 76.33342133369297,
        "climb_rate": 6.883251950610429,
        "evasion_trigger_distance": 81.8094864464365,
        "evasion_maneuver_strength": 0.7631761836819351
      }
    }
  ],
  "interceptor_count": 1,
  "radar_config": {
    "scan_rate": 1.327770794625394,
    "max_range": 1034,
    "radial_noise_sigma": 10.658967114286497,
    "azimuth_noise_sigma": 2.124943000264466,
    "false_alarm_rate": 0.013610538137145339,
    "miss_probability": 0.10618618922308087
  },
  "acoustic_config": {
    "enabled": true,
    "detection_range": 836,
    "takeoff_boost": 0.29964707507751887,
    "approach_boost": 0.24767885468900203,
    "false_alarm_rate": 0.018575026392936705,
    "miss_probability": 0.13853263845667244
  },
  "behavior_distribution": {
    "direct_attack": 0.4863439299922676,
    "recon_loiter": 0.1856296314248858,
    "evasive": 0.23075863063466764,
    "random_walk": 0.097267807948179
  },
  "metadata": {
    "hostile_ratio": 0.5,
    "armed_ratio": 0.125,
    "avg_initial_distance": 457,
    "difficulty_estimate": 5,
    "drone_type_distribution": {
      "RECON_UAV": 6,
      "ATTACK_UAV": 0,
      "LOITER_MUNITION": 1,