{
  "id": "gen_12373",
  "name": "자동생성 시나리오 (8기)",
  "seed": 12373,
  "created_at": "2025-12-02T16:20:13.305Z",
  "drones": [
    {
      "id": "DRONE-A",
      "position": {
        "x": -247.05955861409012,
        "y": 391.4321231932888,
        "altitude": 59.72844352712855
      },
      "velocity": {
        "vx": 6.529988411381921,
        "vy": -10.345874665336755,
        "climbRate": -1.751585442572832
      },
      "behavior": "NORMAL",
      "is_hostile": true,
      "drone_type": "RECON_UAV",
      "armed": true,
      "size_class": "MEDIUM",
      "recommended_method": "JAM",
      "config": {
        "max_speed": 21.561947316862643,
        "cruise_speed": 12.234290794469416,
        "acceleration": 9.393803210463375,
        "turn_rate": 71.72193050966598,
        "climb_rate": 4.5729260223452,
        "evasion_trigger_distance": 113.35667027393356,
        "evasion_maneuver_strength": 0.9043632186949253
      }
    },
    {
      "id": "DRONE-B",
      "position": {
        "x": -211.9992919558848,
        "y": 297.57746277608135,
        "altitude": 58.2152863079682
      },
      "velocity": {
        "vx": -4.304054688052545,
        "vy": -8.614411894227104,
        "climbRate": 0.5526433624327183
      },
      "behavior": "EVADE",
      "is_hostile": true,
      "drone_type": "UNKNOWN",
      "armed": true,
      "size_class": "MEDIUM",
      "recommended_method": "NET",
      "config": {
        "max_speed": 26.90655607962981,
        "cruise_speed": 9.629796417430043,
        "acceleration": 6.12697010464035,
        "turn_rate": 102.49869151040912,
        "climb_rate": 6.868990070186555,
        "evasion_trigger_distance": 134.77928794221953,
        "evasion_maneuver_strength": 0.6297462444053963
      }
    },
    {
      "id": "DRONE-C",
      "position": {
        "x": 661.1176965086772,
        "y": -92.92794056151904,
        "altitude": 97.11575818015262
      },
      "velocity": {
        "vx": -23.165312390762455,
        "vy": 3.256159658569266,
        "climbRate": -0.7635087817907333
      },
      "behavior": "NORMAL",
      "is_hostile": false,
      "drone_type": "UNKNOWN",
      "armed": false,
      "size_class": "MEDIUM",
      "recommended_method": null,
      "config": {
        "max_speed": 27.701461844844744,
        "cruise_speed": 23.39303900487721,
        "acceleration": 8.876860563876107,
        "turn_rate": 111.33176497416571,
        "climb_rate": 7.457066621398553,
        "evasion_trigger_distance": 147.24544507684186,
        "evasion_maneuver_strength": 0.9149787144269794
      }
    },
    {
      "id": "DRONE-D",
      "position": {
        "x": -218.9240529572892,
        "y": -345.06306989335735,
        "altitude": 123.55691640172154
      },
      "velocity": {
        "vx": 16.95846539660368,
        "vy": 26.729544110778807,
        "climbRate": 0.40836974512785673
      },
      "behavior": "ATTACK_RUN",
      "is_hostile": true,
      "drone_type": "ATTACK_UAV",
      "armed": true,
      "size_class": "MEDIUM",
      "recommended_method": "RAM",
      "config": {
        "max_speed": 36.66267917724326,
        "cruise_speed": 31.655300930142403,
        "acceleration": 7.796072120079771,
        "turn_rate": 66.68752831639722,
        "climb_rate": 7.804978719912469,
        "evasion_trigger_distance": 94.9494431889616,
        "evasion_maneuver_strength": 0.7480936291394755
      }
    },
    {
      "id": "DRONE-E",
      "position": {
        "x": -126.2386333539185,
        "y": -528.9593444024581,
        "altitude": 47.26067707175389
      },
      "velocity": {
        "vx": 5.173253970578754,
        "vy": -1.2346213714710579,
        "climbRate": -1.794774355366826
      },
      "behavior": "RECON",
      "is_hostile": false,
      "drone_type": "UNKNOWN",
      "armed": true,
      "size_class": "SMALL",
      "recommended_method": null,
      "config": {
        "max_speed": 29.63586606667377,
        "cruise_speed": 10.637076022103429,
        "acceleration": 8.246111668413505,
        "turn_rate": 84.00019250577316,
        "climb_rate": 7.009028060827404,
        "evasion_trigger_distance": 124.0441487589851,
        "evasion_maneuver_strength": 0.7823798898607492
      },
      "target_position": {
        "x": -137.4403826892376,
        "y": 9.501320123672485,
        "altitude": 122.1362129598856
      }
    },
    {
      "id": "DRONE-F",
      "position": {
        "x": -137.4677575335674,
        "y": -668.495098881634,
        "altitude": 104.33951596030965
      },
      "velocity": {
        "vx": 7.587635684080239,
        "vy": -1.5603035298496228,
        "climbRate": 1.3568664686754346
      },
      "behavior": "RECON",
      "is_hostile": false,
      "drone_type": "RECON_UAV",
      "armed": false,
      "size_class": "MEDIUM",
      "recommended_method": null,
      "config": {
        "max_speed": 21.780849833972752,
        "cruise_speed": 15.492806379683316,
        "acceleration": 3.806186164263636,
        "turn_rate": 101.44388609798625,
        "climb_rate": 3.9524507133755833,
        "evasion_trigger_distance": 139.42011241568252,
        "evasion_maneuver_strength": 0.6268259582575411
      },
      "target_position": {
        "x": 12.791790161281824,
        "y": -70.86735423654318,
        "altitude": 178.97104846313596
      }
    },
    {
      "id": "DRONE-G",
      "position": {
        "x": -36.583804609863186,
        "y": 734.9174147048633,
        "altitude": 46.60009419545531
      },
      "velocity": {
        "vx": 0.5755479420236166,
        "vy": -11.561952347533127,
        "climbRate": 0.12519852072000504
      },
      "behavior": "NORMAL",
      "is_hostile": true,
      "drone_type": "CARGO_UAV",
      "armed": false,
      "size_class": "LARGE",
      "recommended_method": "NET",
      "config": {
        "max_speed": 17.2217461487744,
        "cruise_speed": 11.57626872183755,
        "acceleration": 5.5579739306122065,
        "turn_rate": 52.35649258713238,
        "climb_rate": 6.827708545140922,
        "evasion_trigger_distance": 139.66276394203305,
        "evasion_maneuver_strength": 0.9300019980873913
      }
    },
    {
      "id": "DRONE-H",
      "position": {
        "x": -351.0291302134207,
        "y": -514.625177170479,
        "altitude": 166.8294032732956
      },
      "velocity": {
        "vx": 6.19398920649538,
        "vy": -4.224959718570322,
        "climbRate": -1.464538037776947
      },
      "behavior": "RECON",
      "is_hostile": true,
      "drone_type": "LOITER_MUNITION",
      "armed": true,
      "size_class": "SMALL",
      "recommended_method": "JAM",
      "config": {
        "max_speed": 26.7825451400131,
        "cruise_speed": 14.995437561301515,
        "acceleration": 9.19917598576285,
        "turn_rate": 86.16870614234358,
        "climb_rate": 4.9012427679263055,
        "evasion_trigger_distance": 100.84561527008191,
        "evasion_maneuver_strength": 0.7480940937530249
      },
      "target_position": {
        "x": -190.2448285371065,
        "y": -157.31017934158444,
        "altitude": 117.85078233107924
      }
    }
  ],
  "interceptor_count": 3,
  "radar_config": {
    "scan_rate": 0.7174207934876904,
    "max_range": 1157,
    "radial_noise_sigma": 18.326326615642756,
    "azimuth_noise_sigma": 3.6786384442821145,
    "false_alarm_rate": 0.008447291580960154,
    "miss_probability": 0.13358489035628734
  },
  "acoustic_config": {
    "enabled": true,
    "detection_range": 806,
    "takeoff_boost": 0.23366542919538916,
    "approach_boost": 0.17442825329490005,
    "false_alarm_rate": 0.015513839090708643,
    "miss_probability": 0.18639606880024073
  },
  "behavior_distribution": {
    "direct_attack": 0.3247921391063258,
    "recon_loiter": 0.28604923241569197,
    "evasive": 0.22011691365180824,
    "random_walk": 0.16904171482617403
  },
  "metadata": {
    "hostile_ratio": 0.625,
    "armed_ratio": 0.625,
    "avg_initial_distance": 561,